,MAE,RMSE,R2,MAPE
0,19.44086280386439,25.111040107063616,0.6125589417951737,84.61813789868383
