,MAE,RMSE,R2,MAPE
0,30.06267560323079,32.985826512169616,-4.5901005600035045,36.03863635971039
