,MAE,RMSE,R2,MAPE
0,7.045402789398244,10.339413546282001,0.8716007904364046,131.85041515038537
