,MAE,RMSE,R2,MAPE
0,37.006071307596734,47.781395337921865,0.39726717691626734,1944.0135356428914
