,MAE,RMSE,R2,MAPE
0,20.99490519014377,34.92973279062849,0.7482120393791707,1376.0790786035195
