,MAE,RMSE,R2,MAPE
0,43.93173633183676,50.15909985664197,0.39826654779428916,8444.86049856919
