,MAE,RMSE,R2,MAPE
0,15.927786866481311,29.898643822428273,0.7572565861376829,382.2637784324904
