,MAE,RMSE,R2,MAPE
0,360.4776555551988,362.934590422031,-36.35637733399425,13293.131545095468
