,MAE,RMSE,R2,MAPE
0,24.61000988813517,45.63580505606657,0.7349626759926222,455.1253542817938
