,MAE,RMSE,R2,MAPE
0,68.77351725900573,82.62676698760839,-0.34433950080304565,18774.51461429624
