,MAE,RMSE,R2,MAPE
0,7.15414297041177,9.6975835847619,0.9455021098637132,183.87683782515106
