,MAE,RMSE,R2,MAPE
0,6.898830056206177,9.822510729642543,0.8858238193806317,92.85448508246054
