,MAE,RMSE,R2,MAPE
0,8.233453734066556,10.780163963063298,0.928681141170635,126.12593483180372
