,MAE,RMSE,R2,MAPE
0,6.090829400749582,8.57407601094883,0.9109907765841572,6.4533079884196365
