,MAE,RMSE,R2,MAPE
0,272.092416250818,274.58516359772284,-57.05464638925227,4762.405398536894
