,MAE,RMSE,R2,MAPE
0,5.934397209325904,8.17206975530038,0.9148917331863425,6.129235892248654
