,MAE,RMSE,R2,MAPE
0,498.7864805354144,500.63656248162187,-83.06697720221885,150566.97639124835
