,MAE,RMSE,R2,MAPE
0,30.553750834431415,41.83045881158009,0.6511476107375879,1834.0516925673815
