,MAE,RMSE,R2,MAPE
0,299.0706224919291,304.7127412048833,-18.818705839539533,10382.459679101963
