,MAE,RMSE,R2,MAPE
0,7.8653005298031005,11.330224263866034,0.8305186052618225,114.66768390836772
