,MAE,RMSE,R2,MAPE
0,18.185653555935733,26.63491310478142,0.7690435813454168,2348.029735446785
