,MAE,RMSE,R2,MAPE
0,52.56989712131834,61.91004627111381,0.512789596208156,916.225961648809
