,MAE,RMSE,R2,MAPE
0,7.988755829238676,12.453375164553513,0.86397479266105,11.572349590525974
