,MAE,RMSE,R2,MAPE
0,365.07995257398744,367.75541462284775,-35.80620009019297,7410.682022470138
