,MAE,RMSE,R2,MAPE
0,5.55350784301758,7.623450052566223,-0.15270975657584973,6.906681008102453
