,MAE,RMSE,R2,MAPE
0,18.962077165503416,42.74280633773881,0.6712671414771467,78.5701821553782
