,MAE,RMSE,R2,MAPE
0,21.984469373109036,40.000448223585174,0.5465457959549522,inf
