,MAE,RMSE,R2,MAPE
0,429.371605677086,431.3029877629517,-38.68219697483263,35289.22723876987
