,MAE,RMSE,R2,MAPE
0,5.234901784261069,7.1053511777565275,-0.0013547117687189303,6.505472251776878
