,MAE,RMSE,R2,MAPE
0,22.18228300730388,22.334745755481055,-165.16443578348822,43.33373747810911
