,MAE,RMSE,R2,MAPE
0,11.278127472949656,15.280602665414312,0.7427078716238666,236.59033033023164
