,MAE,RMSE,R2,MAPE
0,38.86544928082437,62.47578532357577,0.16080989882166408,inf
