,MAE,RMSE,R2,MAPE
0,12.340493289331011,18.41680813143993,0.777314538478255,11.287401656339194
