,MAE,RMSE,R2,MAPE
0,276.92288937529105,282.6910693305197,-9.52558214039321,7012.131548511782
