,MAE,RMSE,R2,MAPE
0,50.75399227257559,55.25138471994355,-0.3026960065265947,2196.0740273437805
