,MAE,RMSE,R2,MAPE
0,7.128371371621732,9.760354050925624,0.9457454639533611,319.1767418301757
