,MAE,RMSE,R2,MAPE
0,52.54645517214814,53.89686388422591,-4.9352407096399675,10114.464361117842
