,MAE,RMSE,R2,MAPE
0,383.4342152973226,387.59304487654276,-32.68495820793065,6722.941779967106
