,MAE,RMSE,R2,MAPE
0,9.386289285062185,11.910191246145784,0.9221747935116863,inf
