,MAE,RMSE,R2,MAPE
0,438.84105599022246,441.17484891282055,-44.54250430529664,11895.138441095607
