,MAE,RMSE,R2,MAPE
0,47.990660537799776,55.63748104857737,0.36904545494947893,11773.251461422258
