,MAE,RMSE,R2,MAPE
0,14.70046946207682,20.55953216494986,-1.171657516641988,16.170621621470897
